{"train/train_runtime": 78.5509, "train/train_samples_per_second": 0.178, "train/train_steps_per_second": 0.038, "train/total_flos": 131406445412352.0, "train/train_loss": 0.5284834305445353, "train/epoch": 1.0, "train/global_step": 3, "_timestamp": 1717994544.5945492, "_runtime": 71.96188306808472, "_step": 0, "_wandb": {"runtime": 73}}